{"aic": -767.4707156773375, "bic": -507.0766372044634, "avg_probability": 0.9557757717698674, "avg_entropy": 0.10862783434921455, "silhouette": -0.009598065103128788, "davies_bouldin": 4.184055415488452, "calinski_harabasz": 76.83341209295425, "stability_ari": 0.602030638057905, "size_cv": 0.6094745976153588, "min_size_pct": 0.49180327868852464, "k": 10}