{"aic": -767.4707156773376, "bic": -507.0766372044635, "avg_probability": 0.9557757717698674, "avg_entropy": 0.10862783434921483, "silhouette": -0.009598065103128736, "davies_bouldin": 4.1840554154884515, "calinski_harabasz": 76.83341209295425, "stability_ari": 0.6799717398999667, "size_cv": 0.6094745976153588, "min_size_pct": 0.49180327868852464, "k": 10}