{"k": 4, "silhouette": 0.3949797668588639, "davies_bouldin": 0.7767673968583189, "calinski_harabasz": 460.76326484797653, "stability_ari": 0.5967659226064801, "size_cv": 0.6671547080409209}