{"silhouette": 0.44310960595009297, "silhouette_mean": 0.44336049919771814, "silhouette_std": 0.0276524404617485, "davies_bouldin": 0.7703721233738046, "davies_bouldin_mean": 0.7872419864943512, "davies_bouldin_std": 0.05783684438633923, "calinski_harabasz": 530.2223112213852, "stability_ari": 0.8234330798648399, "stability_std": 0.12961999564077567, "ari_min": 0.38299128534360577, "ari_max": 0.959074206790356, "neg_sil_pct": 4.754098360655737, "size_cv": 0.28688992970415395, "min_size_pct": 19.836065573770494, "max_size_pct": 40.81967213114754, "inertia": 435.77582380660596, "iterations": 4, "k": 3}