{
  "run_id": "run_20260121_141717_596299",
  "n_clusters": 29,
  "noise_pct": 22.459016393442624,
  "largest_cluster_pct": 9.180327868852459,
  "dbcv_relative_validity": 0.23796612296885702,
  "relative_validity": 0.23796612296885702,
  "persistence_mean": 1.0,
  "persistence_min": 1.0,
  "persistence_max": 1.0,
  "silhouette_valid": 0.23135415934658068,
  "davies_bouldin_valid": 1.2651682227175067,
  "calinski_harabasz_valid": 177.39659636307934
}