{
  "run_id": "run_20260213_170441",
  "n_clusters": 1,
  "noise_pct": 1.4754098360655739,
  "largest_cluster_pct": 98.52459016393442,
  "silhouette_valid": -1.0,
  "davies_bouldin_valid": -1.0,
  "calinski_harabasz_valid": -1.0
}