Fecha_Evaluacion,MAPE_Backtesting,MAPE_CV,MAPE_Combinado,Estado
2026-01-18 23:15,1.4118340824572289,4.071765068592323,2.7417995755247757,REQUIERE REVISIÓN
