{
    "global": {
        "rmse": 346136585.86499673,
        "mape": 3.6511036791595997
    },
    "by_country": {
        "ARGENTINA": 274785191.9091157,
        "COLOMBIA": 151203509.22728208,
        "COSTA RICA": 499602672.73268443,
        "EL SALVADOR": 371351780.16664857,
        "GUATEMALA": 147798341.56775862,
        "HONDURAS": 493051040.5556838,
        "NICARAGUA": 259291757.2331839,
        "PANAM\u00c1": 99308902.52626687,
        "REP\u00daBLICA DOMINICANA": 432673321.6522299
    }
}