{
  "run_id": "run_20260121_150544_efe0a6",
  "n_clusters": 17,
  "noise_pct": 26.721311475409838,
  "largest_cluster_pct": 9.180327868852459,
  "dbcv_relative_validity": 0.17561532176230826,
  "relative_validity": 0.17561532176230826,
  "persistence_mean": 0.1690184419368194,
  "persistence_min": 5.282646897401564e-09,
  "persistence_max": 0.4221170598755513,
  "silhouette_valid": 0.05701598924435007,
  "davies_bouldin_valid": 1.8140171928459063,
  "calinski_harabasz_valid": 99.7455616136036
}