{
  "run_id": "run_20260121_150208_f2ac1f",
  "n_clusters": 3,
  "noise_pct": 57.049180327868854,
  "largest_cluster_pct": 19.836065573770494,
  "dbcv_relative_validity": 0.21119631241009254,
  "relative_validity": 0.21119631241009254,
  "persistence_mean": 0.24930071184779953,
  "persistence_min": 0.043718626196903074,
  "persistence_max": 0.4052423103986733,
  "silhouette_valid": 0.08981706045208962,
  "davies_bouldin_valid": 1.651418321241534,
  "calinski_harabasz_valid": 47.62761907161186
}