{
  "run_id": "run_20260120_223911_f18dee",
  "n_clusters": 10,
  "noise_pct": 39.34426229508197,
  "largest_cluster_pct": 12.786885245901638,
  "dbcv_relative_validity": 0.02737708790382745,
  "relative_validity": 0.02737708790382745,
  "persistence_mean": 0.1532364852586961,
  "persistence_min": 0.00039687552461026667,
  "persistence_max": 0.28088141903469227,
  "silhouette_valid": 0.07068228478872533,
  "davies_bouldin_valid": 1.5313370868045715,
  "calinski_harabasz_valid": 108.13833849483757
}