{"silhouette": 0.4445553295390517, "silhouette_mean": 0.45251122756767304, "silhouette_std": 0.0126358982046046, "davies_bouldin": 0.7683248689057015, "davies_bouldin_mean": 0.7549681804923816, "davies_bouldin_std": 0.019250965437321025, "calinski_harabasz": 560.0741828330363, "stability_ari": 0.8729898196451105, "stability_std": 0.08284448567564213, "ari_min": 0.7160550794575297, "ari_max": 0.9906813321928594, "neg_sil_pct": 0.16393442622950818, "size_cv": 0.4749969942902681, "min_size_pct": 12.295081967213115, "max_size_pct": 50.49180327868853, "inertia": 428.76455475462967, "iterations": 8, "k": 3}