{
    "k_selection": [
        {
            "k": 2,
            "silhouette": 0.8024882674217224,
            "silhouette_norm": 0.9012441337108612,
            "score": 0.8409377546100828,
            "details": {
                "S_raw": 0.8024882674217224,
                "S_star": 0.9012441337108612,
                "C": 0.8702059984207153,
                "Sep": 0.6928442120552063,
                "Q": 0.8413845896720886,
                "Stab": 0.9378344685045651,
                "Stab_details": {
                    "mean": 0.9378344685045651,
                    "std": 0.1342671238706903,
                    "min": 0.6029627656493886,
                    "max": 1.0
                },
                "Bal": 0.6776556776556789,
                "P": 1.0
            }
        },
        {
            "k": 3,
            "silhouette": 0.8469383716583252,
            "silhouette_norm": 0.9234691858291626,
            "score": 0.7872866299983717,
            "details": {
                "S_raw": 0.8469383716583252,
                "S_star": 0.9234691858291626,
                "C": 0.9375063180923462,
                "Sep": 0.6294652819633484,
                "Q": 0.8534775376319885,
                "Stab": 1.0,
                "Stab_details": {
                    "mean": 1.0,
                    "std": 0.0,
                    "min": 1.0,
                    "max": 1.0
                },
                "Bal": 0.587671406222143,
                "P": 0.925961078642316
            }
        },
        {
            "k": 4,
            "silhouette": 0.663063108921051,
            "silhouette_norm": 0.8315315544605255,
            "score": 0.6902217921554412,
            "details": {
                "S_raw": 0.663063108921051,
                "S_star": 0.8315315544605255,
                "C": 0.9389649033546448,
                "Sep": 0.6231235265731812,
                "Q": 0.8062878847122192,
                "Stab": 0.9820498235764245,
                "Stab_details": {
                    "mean": 0.9820498235764245,
                    "std": 0.016681473352418846,
                    "min": 0.922910041523037,
                    "max": 1.0
                },
                "Bal": 0.5048555497509611,
                "P": 0.8574039191604412
            }
        },
        {
            "k": 5,
            "silhouette": 0.5792816281318665,
            "silhouette_norm": 0.7896408140659332,
            "score": 0.6201810749299695,
            "details": {
                "S_raw": 0.5792816281318665,
                "S_star": 0.7896408140659332,
                "C": 0.9403327107429504,
                "Sep": 0.6144123673439026,
                "Q": 0.7835066318511963,
                "Stab": 0.969739596012066,
                "Stab_details": {
                    "mean": 0.969739596012066,
                    "std": 0.025500780952115356,
                    "min": 0.8933566750092572,
                    "max": 1.0
                },
                "Bal": 0.45747780510403335,
                "P": 0.7939226578179512
            }
        },
        {
            "k": 6,
            "silhouette": 0.5679675340652466,
            "silhouette_norm": 0.7839837670326233,
            "score": 0.5377065022004501,
            "details": {
                "S_raw": 0.5679675340652466,
                "S_star": 0.7839837670326233,
                "C": 0.940774142742157,
                "Sep": 0.6117076277732849,
                "Q": 0.7801123261451721,
                "Stab": 0.800030674749581,
                "Stab_details": {
                    "mean": 0.800030674749581,
                    "std": 0.18760721032913555,
                    "min": 0.48989627500212046,
                    "max": 1.0
                },
                "Bal": 0.4223839585297786,
                "P": 0.7351414805916845
            }
        },
        {
            "k": 7,
            "silhouette": 0.5681517720222473,
            "silhouette_norm": 0.7840758860111237,
            "score": 0.4855806050070658,
            "details": {
                "S_raw": 0.5681517720222473,
                "S_star": 0.7840758860111237,
                "C": 0.9618360996246338,
                "Sep": 0.4773956835269928,
                "Q": 0.7518458962440491,
                "Stab": 0.7541637955320256,
                "Stab_details": {
                    "mean": 0.7541637955320256,
                    "std": 0.14586671796534328,
                    "min": 0.5505975284160249,
                    "max": 1.0
                },
                "Bal": 0.49128866153135375,
                "P": 0.6807123983233854
            }
        },
        {
            "k": 8,
            "silhouette": 0.5672298669815063,
            "silhouette_norm": 0.7836149334907532,
            "score": 0.44897495931795495,
            "details": {
                "S_raw": 0.5672298669815063,
                "S_star": 0.7836149334907532,
                "C": 0.9620630145072937,
                "Sep": 0.4765799641609192,
                "Q": 0.7514681816101074,
                "Stab": 0.7685196406550685,
                "Stab_details": {
                    "mean": 0.7685196406550685,
                    "std": 0.14377928230873924,
                    "min": 0.48851394133369935,
                    "max": 1.0
                },
                "Bal": 0.461958059275932,
                "P": 0.6303131865967198
            }
        },
        {
            "k": 9,
            "silhouette": 0.582793116569519,
            "silhouette_norm": 0.7913965582847595,
            "score": 0.41961611192800385,
            "details": {
                "S_raw": 0.582793116569519,
                "S_star": 0.7913965582847595,
                "C": 0.9670774936676025,
                "Sep": 0.4607228934764862,
                "Q": 0.7526483535766602,
                "Stab": 0.7938446164360272,
                "Stab_details": {
                    "mean": 0.7938446164360272,
                    "std": 0.14212499127882672,
                    "min": 0.550101990181026,
                    "max": 1.0
                },
                "Bal": 0.4593801668489541,
                "P": 0.583645478143574
            }
        },
        {
            "k": 10,
            "silhouette": 0.5832973122596741,
            "silhouette_norm": 0.791648656129837,
            "score": 0.3835814743456907,
            "details": {
                "S_raw": 0.5832973122596741,
                "S_star": 0.791648656129837,
                "C": 0.9671084880828857,
                "Sep": 0.4606064260005951,
                "Q": 0.7527530193328857,
                "Stab": 0.7697238941580742,
                "Stab_details": {
                    "mean": 0.7697238941580742,
                    "std": 0.139634595669576,
                    "min": 0.5361316084800107,
                    "max": 0.9840677894750413
                },
                "Bal": 0.4378943708867347,
                "P": 0.5404329964865341
            }
        },
        {
            "k": 11,
            "silhouette": 0.5567412376403809,
            "silhouette_norm": 0.7783706188201904,
            "score": 0.34724061274291745,
            "details": {
                "S_raw": 0.5567412376403809,
                "S_star": 0.7783706188201904,
                "C": 0.968130350112915,
                "Sep": 0.4534646272659302,
                "Q": 0.7445840835571289,
                "Stab": 0.7310671326670698,
                "Stab_details": {
                    "mean": 0.7310671326670698,
                    "std": 0.11921388870859884,
                    "min": 0.5453268616478487,
                    "max": 1.0
                },
                "Bal": 0.429208027254032,
                "P": 0.50041992036057
            }
        },
        {
            "k": 12,
            "silhouette": 0.5710297226905823,
            "silhouette_norm": 0.7855148613452911,
            "score": 0.328519778109245,